Denver,CO
Colorado Springs,CO
Aurora,CO
Fort Collins,CO
Lakewood,CO
Pueblo,CO
Boulder,CO
Durango,CO
Albuquerque,NM
Rio Rancho,NM
Santa Fe,NM
Roswell,NM
Farmington,NM
Deming,NM
North Valley,NM
Gallup,NM
Salt Lake City,UT
West Jordan,UT
Provo,UT
Sandy,UT
Ogden,UT
Logan,UT
Murray,UT
Layton,UT
Cheyenne,WY
Laramie,WY
Jackson,WY
Douglas,WY
Buffalo,WY
Powell,WY
Sheridan,WY
Worland,WY
Los Angeles,CA
San Jose,CA
Oakland,CA
Fremont,CA
Santa Cruz,CA
San Francisco,CA
Norwalk,CA
Chico,CA
Boise,ID
Meridian,ID
Nampa,ID
Idaho Falls,ID
Twin Falls,ID
Post Falls,ID
Rigby,ID
Bellevue,ID
Iona,ID
Parma,ID
Bozeman,MT
Big Sky,MT
Whitefish,MT
Butte,MT
Evergreen,MT
Sidney,MT
Laurel,MT
Anaconda,MT
Polson,MT
Seattle,WA
Bellingham,WA
Pullman,WA
Camas,WA
Des Moines,WA
Mount Vernon,WA
Orchards,WA
Walla Walla,WA
Kenmore,WA
Portland,OR
Eugene,OR
Bend,OR
Medford,OR
Springfield,OR
Redmond,OR
Tualatin,OR
Bethany,OR
Roseburg,OR
Portland,ME
Biddeford,ME
Sanford,ME
Saco,ME
York,ME
Falmouth,ME
Kennebunk,ME
Brunswick,ME
Wells,ME
Burlington,VT
Colchester,VT
Springfield,VT
Barre,VT
Shelburne,VT
Milton,VT
Williston,VT
Barre city,VT
Essex,VT
New York,NY
Buffalo,NY
Rochester,NY
Albany,NY
Troy,NY
Syracuse,NY
Utica,NY
Freeport,NY
